ID,Kreis,Land,Capital,Fläche,Bevölkerungsstand 2012,Bevölkerungsstand 2020,Bevölkerungsstand 2030,Arbeitslosenzahlen 2013,Arbeitslosenzahlen 2012,Arbeitslosenzahlen 2011,Arbeitslosenzahlen 2010,Arbeitslosenzahlen 2009,Arbeitslosenzahlen 2008,Arbeitslosenzahlen 2007,Arbeitslosenzahlen 2006,Arbeitslosenzahlen 2005,1. Bundesliga,2. Bundesliga,Hochschulen/Universitäten,Verarbeitendes Gewerbe (Umsatz 2013),Badeseen,Freizeitparks,Facebooklikes
,Aachen,North Rhine-Westphalia,Aachen,,,,,,,,,,,,,,,,,,,,
,Aachen,North Rhine-Westphalia,,,,,,,,,,,,,,,,,,,,,
,Ahrweiler,Rhineland-Palatinate,Bad Neuenahr-Ahrweiler,,,,,,,,,,,,,,,,,,,,
,Aichach-Friedberg,Bavaria,Aichach,,,,,,,,,,,,,,,,,,,,
321,Alb-Donau,Baden-Württemberg,Ulm,"1.358,09 km²",187123,188733,185096,"3,1","3,0","2,9","3,6","3,9","2,7","3,4","4,9","6,2",,,,,,,53
,Altenburger Land,Thuringia,Altenburg,,,,,,,,,,,,,,,,,,,,
,Altenkirchen,Rhineland-Palatinate,Altenkirchen,,,,,,,,,,,,,,,,,,,,
,Altmarkkreis Salzwedel,Saxony-Anhalt,Salzwedel,,,,,,,,,,,,,,,,,,,,
,Altötting,Bavaria,Altötting,,,,,,,,,,,,,,,,,,,,
,Alzey-Worms,Rhineland-Palatinate,Alzey,,,,,,,,,,,,,,,,,,,,
,Amberg,Bavaria,,,,,,,,,,,,,,,,,,,,,
,Amberg-Sulzbach,Bavaria,Amberg,,,,,,,,,,,,,,,,,,,,
,Ammerland,Lower Saxony,Westerstede,,,,,,,,,,,,,,,,,,,,
,Anhalt-Bitterfeld,Saxony-Anhalt,Köthen (Anhalt),,,,,,,,,,,,,,,,,,,,
,Ansbach,Bavaria,Ansbach,,,,,,,,,,,,,,,,,,,,
,Ansbach,Bavaria,,,,,,,,,,,,,,,,,,,,,
,Aschaffenburg,Bavaria,Aschaffenburg,,,,,,,,,,,,,,,,,,,,
,Aschaffenburg,Bavaria,,,,,,,,,,,,,,,,,,,,,
,Augsburg,Bavaria,Augsburg,,,,,,,,,,,,,,,,,,,,
,Augsburg,Bavaria,,,,,,,,,,,,,,,,,,,,,
,Aurich,Lower Saxony,Aurich,,,,,,,,,,,,,,,,,,,,
,Bad Dürkheim,Rhineland-Palatinate,Bad Dürkheim,,,,,,,,,,,,,,,,,,,,
,Bad Kissingen,Bavaria,Bad Kissingen,,,,,,,,,,,,,,,,,,,,
,Bad Kreuznach,Rhineland-Palatinate,Bad Kreuznach,,,,,,,,,,,,,,,,,,,,
,Bad Tölz-Wolfratshausen,Bavaria,Bad Tölz,,,,,,,,,,,,,,,,,,,,
26,Baden-Baden,Baden-Württemberg,,"140,21 km²",52585,56312,55761,"5,6","5,4","5,9","6,8","6,9","6,1","6,5","8,4","9,6",,,,721 775,,,14905
,Bamberg,Bavaria,Bamberg,,,,,,,,,,,,,,,,,,,,
,Bamberg,Bavaria,,,,,,,,,,,,,,,,,,,,,
,Barnim,Brandenburg,Eberswalde,,,,,,,,,,,,,,,,,,,,
,Bautzen,Saxony,Bautzen,,,,,,,,,,,,,,,,,,,,
,Bayreuth,Bavaria,Bayreuth,,,,,,,,,,,,,,,,,,,,
,Bayreuth,Bavaria,,,,,,,,,,,,,,,,,,,,,
,Berchtesgadener Land,Bavaria,Bad Reichenhall,,,,,,,,,,,,,,,,,,,,
,Bergstraße,Hesse,Heppenheim,,,,,,,,,,,,,,,,,,,,
,Berlin,Berlin,,,,,,,,,,,,,,,,,,,,,
,Bernkastel-Wittlich,Rhineland-Palatinate,Wittlich,,,,,,,,,,,,,,,,,,,,
147,Biberach,Baden-Württemberg,Biberach,"1.409,82 km²",187747,188886,185673,"2,8","2,6","2,5","3,4","3,6","2,3","3,0","4,2","5,6",,,"Hochschule Biberach, SRH Fernhochschule Riedlingen",7 028 789        ,Federsee Bad Buchau,,1773
,Bielefeld,North Rhine-Westphalia,,,,,,,,,,,,,,,,,,,,,
,Birkenfeld,Rhineland-Palatinate,Birkenfeld,,,,,,,,,,,,,,,,,,,,
400,Böblingen,Baden-Württemberg,Böblingen,"617,83 km²",367208,367519,358247,"3,8","3,6","3,8","4,4","4,5","4,0","4,8","6,0","6,2",,,,21 332 946        ,,Sensapolis Indoor Freizeitpark Sindelfingen,4829
,Bochum,North Rhine-Westphalia,,,,,,,,,,,,,,,,,,,,,
175,Bodenseekreis,Baden-Württemberg,Friedrichshafen,"664,78 km²",205843,209163,205952,"2,8","2,8","3,1","3,9","4,1","3,4","3,8","4,7","5,7",,,Zeppelin Universität Friedrichshafen,7 101 075        ,"Bodensee, Degersee Tettnang, Überlinger See Überlingen",,118
,Bonn,North Rhine-Westphalia,,,,,,,,,,,,,,,,,,,,,
,Börde,Saxony-Anhalt,Haldensleben,,,,,,,,,,,,,,,,,,,,
,Borken,North Rhine-Westphalia,Borken,,,,,,,,,,,,,,,,,,,,
,Bottrop,North Rhine-Westphalia,,,,,,,,,,,,,,,,,,,,,
,Brandenburg an der Havel,Brandenburg,,,,,,,,,,,,,,,,,,,,,
,Braunschweig,Lower Saxony,,,,,,,,,,,,,,,,,,,,,
22,Breisgau-Hochschwarzwald,Baden-Württemberg,Freiburg,"1.378,33 km²",247711,249951,245605,"3,4","3,3","3,5","4,0","4,3","3,9","4,2","5,1","5,6",,,,3 538 174        ,"Titisee Titisee-Neustadt, Windgfällweiher Feldberg","Europa Park Rust, Steinwasen-Park Oberried",79
,Bremen,Free Hanseatic City of Bremen,,,,,,,,,,,,,,,,,,,,,
,Bremerhaven,Free Hanseatic City of Bremen,,,,,,,,,,,,,,,,,,,,,
,Burgenlandkreis,Saxony-Anhalt,Naumburg,,,,,,,,,,,,,,,,,,,,
39,Calw,Baden-Württemberg,Calw,"797,52 km²",150709,154416,149738,"4,2","3,8","3,9","4,5","4,8","3,9","4,7","6,1","6,2",,,"Internationale Hochschule Calw, SRH Hochschule Calw",2 594 806,,,2173
,Celle,Lower Saxony,Celle,,,,,,,,,,,,,,,,,,,,
,Cham,Bavaria,Cham,,,,,,,,,,,,,,,,,,,,
,Chemnitz,Saxony,,,,,,,,,,,,,,,,,,,,,
,Cleves (Kleve),North Rhine-Westphalia,Cleves (Kleve),,,,,,,,,,,,,,,,,,,,
,Cloppenburg,Lower Saxony,Cloppenburg,,,,,,,,,,,,,,,,,,,,
,Coburg,Bavaria,Coburg,,,,,,,,,,,,,,,,,,,,
,Coburg,Bavaria,,,,,,,,,,,,,,,,,,,,,
,Cochem-Zell,Rhineland-Palatinate,Cochem,,,,,,,,,,,,,,,,,,,,
,Coesfeld,North Rhine-Westphalia,Coesfeld,,,,,,,,,,,,,,,,,,,,
,Cologne (Köln),North Rhine-Westphalia,,,,,,,,,,,,,,,,,,,,,
,Cottbus,Brandenburg,,,,,,,,,,,,,,,,,,,,,
,Cuxhaven,Lower Saxony,Cuxhaven,,,,,,,,,,,,,,,,,,,,
,Dachau,Bavaria,Dachau,,,,,,,,,,,,,,,,,,,,
,Dahme-Spreewald,Brandenburg,Lübben,,,,,,,,,,,,,,,,,,,,
,Darmstadt,Hesse,,,,,,,,,,,,,,,,,,,,,
,Darmstadt-Dieburg,Hesse,Darmstadt,,,,,,,,,,,,,,,,,,,,
,Deggendorf,Bavaria,Deggendorf,,,,,,,,,,,,,,,,,,,,
,Delmenhorst,Lower Saxony,,,,,,,,,,,,,,,,,,,,,
,Dessau-Roßlau,Saxony-Anhalt,,,,,,,,,,,,,,,,,,,,,
,Diepholz,Lower Saxony,Diepholz,,,,,,,,,,,,,,,,,,,,
,Dillingen,Bavaria,Dillingen,,,,,,,,,,,,,,,,,,,,
,Dingolfing-Landau,Bavaria,Dingolfing,,,,,,,,,,,,,,,,,,,,
,Dithmarschen,Schleswig-Holstein,Heide,,,,,,,,,,,,,,,,,,,,
,Donau-Ries,Bavaria,Donauwörth,,,,,,,,,,,,,,,,,,,,
,Donnersbergkreis,Rhineland-Palatinate,Kirchheimbolanden,,,,,,,,,,,,,,,,,,,,
,Dortmund,North Rhine-Westphalia,,,,,,,,,,,,,,,,,,,,,
,Dresden,Saxony,,,,,,,,,,,,,,,,,,,,,
,Duisburg,North Rhine-Westphalia,,,,,,,,,,,,,,,,,,,,,
,Düren,North Rhine-Westphalia,Düren,,,,,,,,,,,,,,,,,,,,
,Düsseldorf,North Rhine-Westphalia,,,,,,,,,,,,,,,,,,,,,
,Ebersberg,Bavaria,Ebersberg,,,,,,,,,,,,,,,,,,,,
,Eichsfeld,Thuringia,Heilbad Heiligenstadt,,,,,,,,,,,,,,,,,,,,
,Eichstätt,Bavaria,Eichstätt,,,,,,,,,,,,,,,,,,,,
,Eifelkreis Bitburg-Prüm,Rhineland-Palatinate,Bitburg,,,,,,,,,,,,,,,,,,,,
,Eisenach,Thuringia,,,,,,,,,,,,,,,,,,,,,
,Elbe-Elster,Brandenburg,Herzberg,,,,,,,,,,,,,,,,,,,,
,Emden,Lower Saxony,,,,,,,,,,,,,,,,,,,,,
369,Emmendingen,Baden-Württemberg,Emmendingen,"679,9 km²",157399,158806,156558,"3,2","3,0","3,2","3,6","3,9","3,3","3,8","5,0","5,7",,,,2 415 205        ,,Abenteuer im Wald Kenzingen,1607
,Emsland,Lower Saxony,Meppen,,,,,,,,,,,,,,,,,,,,
,Ennepe-Ruhr-Kreis,North Rhine-Westphalia,Schwelm,,,,,,,,,,,,,,,,,,,,
399,Enz,Baden-Württemberg,Pforzheim,"573,69 km²",192092,191304,185988,"2,8","2,7","2,9","3,9","4,4","3,0","3,7","5,1","5,6",,,,4 524 183        ,"Aalkistensee Maulbronn, Kraichsee Sternenfels",,119
,Erding,Bavaria,Erding,,,,,,,,,,,,,,,,,,,,
,Erfurt,Thuringia,,,,,,,,,,,,,,,,,,,,,
,Erlangen,Bavaria,,,,,,,,,,,,,,,,,,,,,
,Erlangen-Höchstadt,Bavaria,Erlangen,,,,,,,,,,,,,,,,,,,,
,Erzgebirgskreis,Saxony,Annaberg-Buchholz,,,,,,,,,,,,,,,,,,,,
,Essen,North Rhine-Westphalia,,,,,,,,,,,,,,,,,,,,,
277,Esslingen,Baden-Württemberg,Esslingen am Neckar,"641,49 km²",508577,510811,499287,"3,6","3,7","4,0","4,7","4,6","3,4","4,1","5,2","5,6",,,"Hochschule Esslingen, Hochschule für Wirtschaft und Umwelt Nürtingen-Geislingen, Hochschule für Kunsttherapie Nürtingen",13 337 796        ,,,9671
,Euskirchen,North Rhine-Westphalia,Euskirchen,,,,,,,,,,,,,,,,,,,,
,Flensburg,Schleswig-Holstein,,,,,,,,,,,,,,,,,,,,,
,Forchheim,Bavaria,Forchheim,,,,,,,,,,,,,,,,,,,,
,Frankenthal,Rhineland-Palatinate,,,,,,,,,,,,,,,,,,,,,
,Frankfurt am Main,Hesse,,,,,,,,,,,,,,,,,,,,,
,Frankfurt an der Oder,Brandenburg,,,,,,,,,,,,,,,,,,,,,
48,Freiburg im Breisgau,Baden-Württemberg,,658 km²,218043,222473,218862,"6,0","5,9","6,1","6,4","6,9","7,1","7,8","9,2","9,2",SC Freiburg,,"Albert-Ludwigs-Universität Freiburg, Evangelische Fachhochschule Freiburg, Hochschule für Musik Freiburg, Katholische Hochschule Freiburg, Pädagogische Hochschule Freiburg, Freie Hochschule für Grafik-Design & Bildende Kunst Freiburg",2 371 009,"Arlesheimer See Tiengen, Feldsee Freiburg, Kleiner Opfinger See Freiburg, Moosweier Freiburg, Opfinger See Freiburg, Reutemattensee Freiburg, Schluchsee Schluchsee, Tunisee Freiburg",,40322
,Freising,Bavaria,Freising,,,,,,,,,,,,,,,,,,,,
34,Freudenstadt,Baden-Württemberg,Freudenstadt,"870,68 km²",115055,119299,116352,"4,1","3,9","3,7","4,4","4,8","3,8","4,3","6,3","6,4",,,,3 387 733,"Bodenloser See Empfingen, Buhlbachsee Baiersbronn, Ellbachsee Freudenstadt, Glaswaldsee Bad Rippoldsau, Huzenbacher See Baiersbronn, Nagoldtalsperre Grömbach, Sankenbachsee Baiersbronn, Stausee Kleine Knizig Alpirsbach, Wildsee Baiersbronn",,3346
,Freyung-Grafenau,Bavaria,Freyung,,,,,,,,,,,,,,,,,,,,
,Friesland,Lower Saxony,Jever,,,,,,,,,,,,,,,,,,,,
,Fulda,Hesse,Fulda,,,,,,,,,,,,,,,,,,,,
,Fürstenfeldbruck,Bavaria,Fürstenfeldbruck,,,,,,,,,,,,,,,,,,,,
,Fürth,Bavaria,Zirndorf,,,,,,,,,,,,,,,,,,,,
,Fürth,Bavaria,,,,,,,,,,,,,,,,,,,,,
,Garmisch-Partenkirchen,Bavaria,Garmisch-Partenkirchen,,,,,,,,,,,,,,,,,,,,
,Gelsenkirchen,North Rhine-Westphalia,,,,,,,,,,,,,,,,,,,,,
,Gera,Thuringia,,,,,,,,,,,,,,,,,,,,,
,Germersheim,Rhineland-Palatinate,Germersheim,,,,,,,,,,,,,,,,,,,,
,Gießen,Hesse,Gießen,,,,,,,,,,,,,,,,,,,,
,Gifhorn,Lower Saxony,Gifhorn,,,,,,,,,,,,,,,,,,,,
253,Göppingen,Baden-Württemberg,Göppingen,"642,36 km²",247835,248232,240558,"4,2","4,1","4,4","5,7","5,4","4,0","5,0","6,3","7,0",,,,3 862 979        ,,,6302
,Görlitz,Saxony,Görlitz,,,,,,,,,,,,,,,,,,,,
,Goslar,Lower Saxony,Goslar,,,,,,,,,,,,,,,,,,,,
,Gotha,Thuringia,Gotha,,,,,,,,,,,,,,,,,,,,
,Göttingen,Lower Saxony,Göttingen,,,,,,,,,,,,,,,,,,,,
,Göttingen,Lower Saxony,,,,,,,,,,,,,,,,,,,,,
,Grafschaft Bentheim,Lower Saxony,Nordhorn,,,,,,,,,,,,,,,,,,,,
,Greiz,Thuringia,Greiz,,,,,,,,,,,,,,,,,,,,
,Groß-Gerau,Hesse,Groß-Gerau,,,,,,,,,,,,,,,,,,,,
,Günzburg,Bavaria,Günzburg,,,,,,,,,,,,,,,,,,,,
,Gütersloh,North Rhine-Westphalia,Gütersloh,,,,,,,,,,,,,,,,,,,,
,Hagen,North Rhine-Westphalia,,,,,,,,,,,,,,,,,,,,,
,Halle,Saxony-Anhalt,,,,,,,,,,,,,,,,,,,,,
,Hamburg,Hamburg,,,,,,,,,,,,,,,,,,,,,
,Hamelin-Pyrmont (Hameln-Pyrmont),Lower Saxony,Hamelin (Hameln),,,,,,,,,,,,,,,,,,,,
,Hamm,North Rhine-Westphalia,,,,,,,,,,,,,,,,,,,,,
,Hanover (Hannover),Lower Saxony,Hanover (Hannover),,,,,,,,,,,,,,,,,,,,
,Hanover,Lower Saxony,,,,,,,,,,,,,,,,,,,,,
,Harburg,Lower Saxony,Winsen,,,,,,,,,,,,,,,,,,,,
,Harz,Saxony-Anhalt,Halberstadt,,,,,,,,,,,,,,,,,,,,
,Haßberge,Bavaria,Haßfurt,,,,,,,,,,,,,,,,,,,,
,Havelland,Brandenburg,Rathenow,,,,,,,,,,,,,,,,,,,,
,Heidekreis,Lower Saxony,Bad Fallingbostel,,,,,,,,,,,,,,,,,,,,
239,Heidelberg,Baden-Württemberg,,487 km²,150335,143875,139503,"5,3","5,3","5,3","6,3","6,3","6,0","6,8","8,2","8,4",,,"Hochschule für Kirchenmusik Heidelberg, SRH Fachhochschule Heidelberg, Hochschule für Jüdische Studien Heidelberg, Pädagogische Hochschule Heidelberg, Ruprecht-Karls-Universität Heidelberg",1 643 299        ,,,61273
261,Heidenheim,Baden-Württemberg,Heidenheim,"627,12 km²",127608,126293,121140,"5,2","4,8","5,1","5,6","5,5","4,3","5,7","7,9","8,5",,,Duale Hochschule Baden-Württemberg Heidenheim,3 605 653        ,Bohnerzgrube Heidenheim,,2622
251,Heilbronn,Baden-Württemberg,Heilbronn,"1.099,95 km²",324543,328287,321710,"3,8","3,5","3,7","4,6","4,9","3,9","4,7","5,9","6,4",,,"Heilbronn Business School, Hochschule Heilbronn",2 923 969,"Breitenauer See Heilbronn, Römersee Bad Rappenau",Erlebnispark Tripsdrill Cleebronn,61
15,Heilbronn,Baden-Württemberg,,"99,88 km²",117531,120356,117175,"6,6","6,0","6,1","7,6","8,0","6,0","7,0","8,9","10,8",,,,18 286 359,,,18164
,Heinsberg,North Rhine-Westphalia,Heinsberg,,,,,,,,,,,,,,,,,,,,
,Helmstedt,Lower Saxony,Helmstedt,,,,,,,,,,,,,,,,,,,,
,Herford,North Rhine-Westphalia,Herford,,,,,,,,,,,,,,,,,,,,
,Herne,North Rhine-Westphalia,,,,,,,,,,,,,,,,,,,,,
,Hersfeld-Rotenburg,Hesse,Bad Hersfeld,,,,,,,,,,,,,,,,,,,,
,Herzogtum Lauenburg,Schleswig-Holstein,Ratzeburg,,,,,,,,,,,,,,,,,,,,
,Hildburghausen,Thuringia,Hildburghausen,,,,,,,,,,,,,,,,,,,,
,Hildesheim,Lower Saxony,Hildesheim,,,,,,,,,,,,,,,,,,,,
,Hochsauerland,North Rhine-Westphalia,Meschede,,,,,,,,,,,,,,,,,,,,
,Hochtaunuskreis,Hesse,Bad Homburg,,,,,,,,,,,,,,,,,,,,
,Hof,Bavaria,Hof,,,,,,,,,,,,,,,,,,,,
,Hof,Bavaria,,,,,,,,,,,,,,,,,,,,,
66,Hohenlohe,Baden-Württemberg,Künzelsau,"776,75 km²",107498,108568,106348,"3,0","2,9","2,8","3,9","4,6","3,2","3,5","5,2","6,0",,,,3 993 836        ,,,106
,Holzminden,Lower Saxony,Holzminden,,,,,,,,,,,,,,,,,,,,
,Höxter,North Rhine-Westphalia,Höxter,,,,,,,,,,,,,,,,,,,,
,Ilm-Kreis,Thuringia,Arnstadt,,,,,,,,,,,,,,,,,,,,
,Ingolstadt,Bavaria,,,,,,,,,,,,,,,,,,,,,
,Jena,Thuringia,,,,,,,,,,,,,,,,,,,,,
,Jerichower Land,Saxony-Anhalt,Burg,,,,,,,,,,,,,,,,,,,,
,Kaiserslautern,Rhineland-Palatinate,Kaiserslautern,,,,,,,,,,,,,,,,,,,,
,Kaiserslautern,Rhineland-Palatinate,,,,,,,,,,,,,,,,,,,,,
193,Karlsruhe,Baden-Württemberg,Karlsruhe,"1.084,98 km²",427106,428987,419619,"3,2","3,2","3,2","4,1","4,2","3,6","4,6","5,6","6,2",,Karlsruher SC,"International University in Germany, Bruchsal",9 522 235,"Epplesee Rheinstetten, Hardtsee Ubstadt-Weiher, Heidesee Forst",,1
216,Karlsruhe,Baden-Württemberg,,"173,46 km²",296033,289099,283585,"5,6","5,6","5,8","6,3","6,6","6,4","7,2","8,7","8,9",,,"EC Europa Campus Karlsruhe, Hochschule Karlsruhe - Technik und Wirtschaft, Hochschule für Musik Karlsruhe, Karlsruher Institut für Technologie, Karlshochschule International University Karlsruhe, Pädagogische Hochschule Karlsruhe, Staatliche Akademie der Bildenden Künste Karlsruhe, Staatliche Hochschule für Gestaltung Karlsruhe, Duale Hochschule Baden-Württemberg Karlsruhe, ",9 110 315        ,,,51819
,Kassel,Hesse,Kassel,,,,,,,,,,,,,,,,,,,,
,Kassel,Hesse,,,,,,,,,,,,,,,,,,,,,
,Kaufbeuren,Bavaria,,,,,,,,,,,,,,,,,,,,,
,Kelheim,Bavaria,Kelheim,,,,,,,,,,,,,,,,,,,,
,Kempten,Bavaria,,,,,,,,,,,,,,,,,,,,,
,Kiel,Schleswig-Holstein,,,,,,,,,,,,,,,,,,,,,
,Kitzingen,Bavaria,Kitzingen,,,,,,,,,,,,,,,,,,,,
,Koblenz,Rhineland-Palatinate,,,,,,,,,,,,,,,,,,,,,
308,Konstanz,Baden-Württemberg,Konstanz,"817,97 km²",270568,277172,272428,"4,3","4,2","4,4","5,3","5,3","4,5","5,3","6,3","7,1",,,"Hochschule Konstanz Technik, Wirtschaft und Gestaltung, Universität Konstanz",5 643 825        ,"Bodensee Konstanz, Mindelsee Radolfzell","Sea Life Konstanz, Wild-und Freizeitpark Allensbach",17361
,Krefeld,North Rhine-Westphalia,,,,,,,,,,,,,,,,,,,,,
,Kronach,Bavaria,Kronach,,,,,,,,,,,,,,,,,,,,
,Kulmbach,Bavaria,Kulmbach,,,,,,,,,,,,,,,,,,,,
,Kusel,Rhineland-Palatinate,Kusel,,,,,,,,,,,,,,,,,,,,
,Kyffhäuserkreis,Thuringia,Sondershausen,,,,,,,,,,,,,,,,,,,,
,Lahn-Dill,Hesse,Wetzlar,,,,,,,,,,,,,,,,,,,,
,Landau,Rhineland-Palatinate,,,,,,,,,,,,,,,,,,,,,
,Landsberg,Bavaria,Landsberg,,,,,,,,,,,,,,,,,,,,
,Landshut,Bavaria,Landshut,,,,,,,,,,,,,,,,,,,,
,Landshut,Bavaria,,,,,,,,,,,,,,,,,,,,,
,Leer,Lower Saxony,Leer,,,,,,,,,,,,,,,,,,,,
,Leipzig,Saxony,Borna,,,,,,,,,,,,,,,,,,,,
,Leipzig,Saxony,,,,,,,,,,,,,,,,,,,,,
,Leverkusen,North Rhine-Westphalia,,,,,,,,,,,,,,,,,,,,,
,Lichtenfels,Bavaria,Lichtenfels,,,,,,,,,,,,,,,,,,,,
,Limburg-Weilburg,Hesse,Limburg,,,,,,,,,,,,,,,,,,,,
,Lindau,Bavaria,Lindau,,,,,,,,,,,,,,,,,,,,
,Lippe,North Rhine-Westphalia,Detmold,,,,,,,,,,,,,,,,,,,,
207,Lörrach,Baden-Württemberg,Lörrach,"806,81 km²",220606,220822,215617,"3,7","3,7","4,0","4,6","4,8","4,3","5,5","6,0","6,7",,,Duale Hochschule Baden-Württemberg Lörrach,5 004 005        ,Nonnenmattweiher Kleines Wiesental,"Erlebniskletterwald Lörrach, Vogelpark Steinen",5839
,Lübeck,Schleswig-Holstein,,,,,,,,,,,,,,,,,,,,,
,Lüchow-Dannenberg,Lower Saxony,Lüchow,,,,,,,,,,,,,,,,,,,,
110,Ludwigsburg,Baden-Württemberg,Ludwigsburg,"686,82 km²",516748,513279,502475,"3,9","3,7","3,9","4,7","4,8","3,7","4,2","5,1","5,5",,,"Akademie für Darstellende Kunst Ludwigsburg, Evangelische Fachhochschule Reutlingen-Ludwigsburg, Hochschule für öffentliche Verwaltung und Finanzen Ludwigsburg, Filmakademie Baden Württemberg Ludwigsburg, Pädagogische Hochschule Ludwigsburg",11 470 213,,,15457
,Ludwigshafen,Rhineland-Palatinate,,,,,,,,,,,,,,,,,,,,,
,Ludwigslust-Parchim,Mecklenburg-Vorpommern,Parchim,,,,,,,,,,,,,,,,,,,,
,Lüneburg,Lower Saxony,Lüneburg,,,,,,,,,,,,,,,,,,,,
,Magdeburg,Saxony-Anhalt,,,,,,,,,,,,,,,,,,,,,
,Main-Kinzig,Hesse,Gelnhausen,,,,,,,,,,,,,,,,,,,,
,Main-Spessart,Bavaria,Karlstadt am Main,,,,,,,,,,,,,,,,,,,,
418,Main-Tauber,Baden-Württemberg,Tauberbischofsheim,"1.304,42 km²",129842,130540,126208,"3,6","3,4","3,5","3,9","4,7","4,0","4,8","5,9","6,9",,,,2 996 855        ,,Fauna Wildpark Bad Mergentheim,113
,Main-Taunus,Hesse,Hofheim,,,,,,,,,,,,,,,,,,,,
,Mainz,Rhineland-Palatinate,,,,,,,,,,,,,,,,,,,,,
,Mainz-Bingen,Rhineland-Palatinate,Ingelheim,,,,,,,,,,,,,,,,,,,,
35,Mannheim,Baden-Württemberg,,313 km²,294627,303351,294728,"6,0","6,1","6,4","7,5","8,6","7,5","8,3","10,9","12,7",,,"EC Europa Campus Mannheim, Fachhochschule des Bundes für öffentliche Verwaltung FB Bundeswehrverwaltung Mannheim, Hochschule der Bundesagentur für Arbeit Mannheim, Hochschule für Musik und Darstellende Kunst Mannheim, Hochschule Mannheim, Popakademie Mannheim, Universität Mannheim, Duale Hochschule Baden-Württemberg Mannheim",14 584 465        ,,,68687
,Mansfeld-Südharz,Saxony-Anhalt,Sangerhausen,,,,,,,,,,,,,,,,,,,,
,Marburg-Biedenkopf,Hesse,Marburg,,,,,,,,,,,,,,,,,,,,
,Märkischer Kreis,North Rhine-Westphalia,Lüdenscheid,,,,,,,,,,,,,,,,,,,,
,Märkisch-Oderland,Brandenburg,Seelow,,,,,,,,,,,,,,,,,,,,
,Mayen-Koblenz,Rhineland-Palatinate,Koblenz,,,,,,,,,,,,,,,,,,,,
,Mecklenburgische Seenplatte,Mecklenburg-Vorpommern,Neubrandenburg,,,,,,,,,,,,,,,,,,,,
,Meißen,Saxony,Meißen,,,,,,,,,,,,,,,,,,,,
,Memmingen,Bavaria,,,,,,,,,,,,,,,,,,,,,
,Merzig-Wadern,Saarland,Merzig,,,,,,,,,,,,,,,,,,,,
,Mettmann,North Rhine-Westphalia,Mettmann,,,,,,,,,,,,,,,,,,,,
,Miesbach,Bavaria,Miesbach,,,,,,,,,,,,,,,,,,,,
,Miltenberg,Bavaria,Miltenberg,,,,,,,,,,,,,,,,,,,,
,Minden-Lübbecke,North Rhine-Westphalia,Minden,,,,,,,,,,,,,,,,,,,,
,Mittelsachsen,Saxony,Freiberg,,,,,,,,,,,,,,,,,,,,
,Mönchengladbach,North Rhine-Westphalia,,,,,,,,,,,,,,,,,,,,,
,Mühldorf,Bavaria,Mühldorf,,,,,,,,,,,,,,,,,,,,
,Mülheim an der Ruhr,North Rhine-Westphalia,,,,,,,,,,,,,,,,,,,,,
,Munich (München),Bavaria,Munich(München),,,,,,,,,,,,,,,,,,,,
,Munich,Bavaria,,,,,,,,,,,,,,,,,,,,,
,Münster,North Rhine-Westphalia,,,,,,,,,,,,,,,,,,,,,
197,Neckar-Odenwald,Baden-Württemberg,Mosbach,"1.126,29 km²",141847,145699,141650,"4,0","3,9","4,1","4,9","5,3","4,3","5,0","6,5","7,5",,,Duale Hochschule Baden-Württemberg Mosbach,2 229 229,Roberner See Seebachtal,,1
,Neuburg-Schrobenhausen,Bavaria,Neuburg,,,,,,,,,,,,,,,,,,,,
,Neumarkt,Bavaria,Neumarkt in der Oberpfalz,,,,,,,,,,,,,,,,,,,,
,Neumünster,Schleswig-Holstein,,,,,,,,,,,,,,,,,,,,,
,Neunkirchen,Saarland,Ottweiler,,,,,,,,,,,,,,,,,,,,
,Neustadt (Aisch)-Bad Windsheim,Bavaria,Neustadt (Aisch),,,,,,,,,,,,,,,,,,,,
,Neustadt an der Weinstraße,Rhineland-Palatinate,,,,,,,,,,,,,,,,,,,,,
,Neustadt (Waldnaab),Bavaria,Neustadt (Waldnaab),,,,,,,,,,,,,,,,,,,,
,Neu-Ulm,Bavaria,Neu-Ulm,,,,,,,,,,,,,,,,,,,,
,Neuwied,Rhineland-Palatinate,Neuwied,,,,,,,,,,,,,,,,,,,,
,Nienburg,Lower Saxony,Nienburg,,,,,,,,,,,,,,,,,,,,
,Nordfriesland,Schleswig-Holstein,Husum,,,,,,,,,,,,,,,,,,,,
,Nordhausen,Thuringia,Nordhausen,,,,,,,,,,,,,,,,,,,,
,Nordsachsen,Saxony,Torgau,,,,,,,,,,,,,,,,,,,,
,Nordwestmecklenburg,Mecklenburg-Vorpommern,Wismar,,,,,,,,,,,,,,,,,,,,
,Northeim,Lower Saxony,Northeim,,,,,,,,,,,,,,,,,,,,
,Nuremberg (Nürnberg),Bavaria,,,,,,,,,,,,,,,,,,,,,
,Nürnberger Land,Bavaria,Lauf an der Pegnitz,,,,,,,,,,,,,,,,,,,,
,Oberallgäu,Bavaria,Sonthofen,,,,,,,,,,,,,,,,,,,,
,Oberbergischer Kreis,North Rhine-Westphalia,Gummersbach,,,,,,,,,,,,,,,,,,,,
,Oberhausen,North Rhine-Westphalia,,,,,,,,,,,,,,,,,,,,,
,Oberhavel,Brandenburg,Oranienburg,,,,,,,,,,,,,,,,,,,,
,Oberspreewald-Lausitz,Brandenburg,Senftenberg,,,,,,,,,,,,,,,,,,,,
,Odenwaldkreis,Hesse,Erbach,,,,,,,,,,,,,,,,,,,,
,Oder-Spree,Brandenburg,Beeskow,,,,,,,,,,,,,,,,,,,,
,Offenbach,Hesse,Dietzenbach,,,,,,,,,,,,,,,,,,,,
,Offenbach am Main,Hesse,,,,,,,,,,,,,,,,,,,,,
,Oldenburg,Lower Saxony,Wildeshausen,,,,,,,,,,,,,,,,,,,,
,Oldenburg,Lower Saxony,,,,,,,,,,,,,,,,,,,,,
,Olpe,North Rhine-Westphalia,Olpe,,,,,,,,,,,,,,,,,,,,
368,Ortenaukreis,Baden-Württemberg,Offenburg,"1.850,74 km²",411700,,,"3,7","3,6","3,6","4,5","4,8","3,7","4,7","6,2","6,9",,,"Hochschule für öffentliche Verwaltung Kehl, Hochschule Offenburg",12 119 036        ,"Achernsee Achern, Äschmattsee Rheinau, Burgwaldsee Offenburg, Gifiz-See Offenburg, Königswaldsee Offenburg, Max Jordan See Appenweier, Mummelsee Seebach, Risisee Achern, Schlossblicksee Offenburg, Sentigsee Achern, Waldmattensee Lahr, Waldsee Willstätt",Funny World Familienfreizeitpark Kappel-Grafenhausen,1
,Osnabrück,Lower Saxony,Osnabrück,,,,,,,,,,,,,,,,,,,,
,Osnabrück,Lower Saxony,,,,,,,,,,,,,,,,,,,,,
232,Ostalbkreis,Baden-Württemberg,Aalen,"1.511,57 km²",306484,,,"3,6","3,7","3,9","5,0","5,0","3,7","4,8","6,2","7,1",,VfR Aalen,"Hochschule Aalen, Technik und Wirtschaft, Hochschule für Gestaltung Schwäbisch Gmünd, Pädagogische Hochschule Schwäbisch Gmünd, ",10 680 728,"Bucher Stausee Rainau, Federbachstausee Göggingen, Götzenbachstausee Göggingen, Hammerschmiedesee Abtsgmünd, Kreßbachsee Ellwangen",,0
,Ostallgäu,Bavaria,Marktoberdorf,,,,,,,,,,,,,,,,,,,,
,Osterholz,Lower Saxony,Osterholz-Scharmbeck,,,,,,,,,,,,,,,,,,,,
,Osterode,Lower Saxony,Osterode,,,,,,,,,,,,,,,,,,,,
,Ostholstein,Schleswig-Holstein,Eutin,,,,,,,,,,,,,,,,,,,,
,Ostprignitz-Ruppin,Brandenburg,Neuruppin,,,,,,,,,,,,,,,,,,,,
,Paderborn,North Rhine-Westphalia,Paderborn,,,,,,,,,,,,,,,,,,,,
,Passau,Bavaria,Passau,,,,,,,,,,,,,,,,,,,,
,Passau,Bavaria,,,,,,,,,,,,,,,,,,,,,
,Peine,Lower Saxony,Peine,,,,,,,,,,,,,,,,,,,,
,Pfaffenhofen,Bavaria,Pfaffenhofen a.d.Ilm,,,,,,,,,,,,,,,,,,,,
242,Pforzheim,Baden-Württemberg,,"98,03 km²",116425,,,"8,0","7,7","7,9","9,1","9,9","7,2","8,1","11,0","10,8",,,Hochschule Pforzheim,4 072 437,,,193
,Pinneberg,Schleswig-Holstein,Pinneberg,,,,,,,,,,,,,,,,,,,,
,Pirmasens,Rhineland-Palatinate,,,,,,,,,,,,,,,,,,,,,
,Plön,Schleswig-Holstein,Plön,,,,,,,,,,,,,,,,,,,,
,Potsdam,Brandenburg,,,,,,,,,,,,,,,,,,,,,
,Potsdam-Mittelmark,Brandenburg,Belzig,,,,,,,,,,,,,,,,,,,,
,Prignitz,Brandenburg,Perleberg,,,,,,,,,,,,,,,,,,,,
139,Rastatt,Baden-Württemberg,Rastatt,"738,83 km²",222472,,,"3,6","3,5","3,5","4,3","4,5","3,5","4,1","5,6","6,0",,,,15 457 922        ,"Fährgrundsee Rheinmünster, Hanfsee Rheinmünster, Herrenwieser See Forbach, Hohlohsee Gernsbach, Kaltenbachsee Muggensturm, Müllersee Rheinmünster, Oberrheinsee Rheinmünster, Schurmsee Forbach, Schwarzenbachtalsperre Forbach, Wildsee Gernsbach",,4142
124,Ravensburg,Baden-Württemberg,Ravensburg,"1.631,81 km²",272425,,,"2,8","2,7","2,8","3,7","3,8","3,0","3,6","4,6","5,4",,,"Naturwissenschaftlich-Technische Akademy Isny im Allgäu, Hochschule Ravensburg-Weingarten, Duale Hochschule Baden-Württemberg Ravensburg, Pädagogische Hochschule Weingarten",6 566 950,Rohrsee Bad Wurzach,Ravensburger Spieleland Meckenbeuren,8319
,Recklinghausen,North Rhine-Westphalia,Recklinghausen,,,,,,,,,,,,,,,,,,,,
,Regen,Bavaria,Regen,,,,,,,,,,,,,,,,,,,,
,Regensburg,Bavaria,Regensburg,,,,,,,,,,,,,,,,,,,,
,Regensburg,Bavaria,,,,,,,,,,,,,,,,,,,,,
130,Rems-Murr,Baden-Württemberg,Waiblingen,"858,14 km²",408827,,,"3,9","3,8","4,1","4,7","4,7","3,8","4,6","5,9","6,3",,,,7 652 942        ,Ebnisee Kaisersbach,Schwaben-Park Gmeinweiler,19
,Remscheid,North Rhine-Westphalia,,,,,,,,,,,,,,,,,,,,,
,Rendsburg-Eckernförde,Schleswig-Holstein,Rendsburg,,,,,,,,,,,,,,,,,,,,
309,Reutlingen,Baden-Württemberg,Reutlingen,"1.094,04 km²",274691,,,"4,0","3,8","4,2","4,8","4,9","3,6","4,3","5,4","5,8",,,"Hochschule Reutlingen, Pädagogische Hochschule Reutlingen, Theologische Hochschule Reutlingen, ",7 679 199        ,,Traumland auf der Bärenhöhle Sonnenbühl,9022
,Rhein-Erft-Kreis,North Rhine-Westphalia,Bergheim,,,,,,,,,,,,,,,,,,,,
,Rheingau-Taunus,Hesse,Bad Schwalbach,,,,,,,,,,,,,,,,,,,,
,Rhein-Hunsrück,Rhineland-Palatinate,Simmern,,,,,,,,,,,,,,,,,,,,
,Rheinisch-Bergischer Kreis,North Rhine-Westphalia,Bergisch-Gladbach,,,,,,,,,,,,,,,,,,,,
,Rheinkreis Neuss,North Rhine-Westphalia,Neuss,,,,,,,,,,,,,,,,,,,,
,Rhein-Lahn,Rhineland-Palatinate,Bad Ems,,,,,,,,,,,,,,,,,,,,
192,Rhein-Neckar,Baden-Württemberg,Heidelberg,"1.061,72 km²",527287,,,"4,4","4,1","3,8","4,4","4,6","4,2","4,7","6,3","7,2",1899 Hoffenheim,SV Sandhausen,Hochschule für Rechtspflege Schwetzingen,7 334 936        ,Wiesensee Hemsbach,,0
,Rhein-Pfalz-Kreis,Rhineland-Palatinate,Ludwigshafen,,,,,,,,,,,,,,,,,,,,
,Rhein-Sieg,North Rhine-Westphalia,Siegburg,,,,,,,,,,,,,,,,,,,,
,Rhön-Grabfeld,Bavaria,Bad Neustadt,,,,,,,,,,,,,,,,,,,,
,Rosenheim,Bavaria,Rosenheim,,,,,,,,,,,,,,,,,,,,
,Rosenheim,Bavaria,,,,,,,,,,,,,,,,,,,,,
,Rostock,Mecklenburg-Vorpommern,Güstrow,,,,,,,,,,,,,,,,,,,,
,Rostock,Mecklenburg-Vorpommern,,,,,,,,,,,,,,,,,,,,,
,Rotenburg,Lower Saxony,Rotenburg,,,,,,,,,,,,,,,,,,,,
,Roth,Bavaria,Roth bei Nürnberg,,,,,,,,,,,,,,,,,,,,
,Rottal-Inn,Bavaria,Pfarrkirchen,,,,,,,,,,,,,,,,,,,,
115,Rottweil,Baden-Württemberg,Rottweil,"769,42 km²",135553,,,"3,3","3,1","3,0","4,3","4,9","3,3","3,9","5,4","5,8",,,,4 678 204        ,"Hardthauser See Rottweil, Pappelsee Dietingen, Schreckensbergsee Dietingen",,5240
,Saale-Holzland,Thuringia,Eisenberg,,,,,,,,,,,,,,,,,,,,
,Saalekreis,Saxony-Anhalt,Merseburg,,,,,,,,,,,,,,,,,,,,
,Saale-Orla,Thuringia,Schleiz,,,,,,,,,,,,,,,,,,,,
,Saalfeld-Rudolstadt,Thuringia,Saalfeld,,,,,,,,,,,,,,,,,,,,
,Saarbrücken,Saarland,Saarbrücken,,,,,,,,,,,,,,,,,,,,
,Saarlouis,Saarland,Saarlouis,,,,,,,,,,,,,,,,,,,,
,Saarpfalz,Saarland,Homburg,,,,,,,,,,,,,,,,,,,,
,Sächsische Schweiz-Osterzgebirge,Saxony,Pirna,,,,,,,,,,,,,,,,,,,,
,Salzgitter,Lower Saxony,,,,,,,,,,,,,,,,,,,,,
,Salzlandkreis,Saxony-Anhalt,Bernburg,,,,,,,,,,,,,,,,,,,,
,Sankt Wendel,Saarland,Sankt Wendel,,,,,,,,,,,,,,,,,,,,
,Schaumburg,Lower Saxony,Stadthagen,,,,,,,,,,,,,,,,,,,,
,Schleswig-Flensburg,Schleswig-Holstein,Schleswig,,,,,,,,,,,,,,,,,,,,
,Schmalkalden-Meiningen,Thuringia,Meiningen,,,,,,,,,,,,,,,,,,,,
,Schwabach,Bavaria,,,,,,,,,,,,,,,,,,,,,
233,Schwäbisch Hall,Baden-Württemberg,Schwäbisch Hall,"1.484,06 km²",186928,,,"3,4","3,3","3,3","4,0","4,4","3,3","4,0","5,6","6,1",,,,5 683 617        ,Treibsee Bühlerzell,,6712
,Schwalm-Eder,Hesse,Homberg,,,,,,,,,,,,,,,,,,,,
,Schwandorf,Bavaria,Schwandorf,,,,,,,,,,,,,,,,,,,,
89,Schwarzwald-Baar,Baden-Württemberg,Villingen-Schwenningen,"1.025,24 km²",204585,,,"3,9","3,6","3,7","5,0","5,7","3,9","4,7","6,2","7,1",,,"Hochschule Furtwangen University, Wissenschaftliche Hochschule Lahr, Hochschule für Polizei Villingen-Schwenningen, Duale Hochschule Baden-Württemberg Villingen-Schwenningen",4 957 139,"Blindensee Schönwald, Kirnbergsee Unterbränd, Mönchsee Villingen-Schwenningen (Mönchweiler), Neckarurpsrung Villingen-Schwenningen, Salinensee Bad Dürrheim, Teufelssee Niedereschach",Schwarzwaldpark Löffingen,35
,Schweinfurt,Bavaria,Schweinfurt,,,,,,,,,,,,,,,,,,,,
,Schweinfurt,Bavaria,,,,,,,,,,,,,,,,,,,,,
,Schwerin,Mecklenburg-Vorpommern,,,,,,,,,,,,,,,,,,,,,
,Segeberg,Schleswig-Holstein,Bad Segeberg,,,,,,,,,,,,,,,,,,,,
,Siegen-Wittgenstein,North Rhine-Westphalia,Siegen,,,,,,,,,,,,,,,,,,,,
202,Sigmaringen,Baden-Württemberg,Sigmaringen,"1.204,36 km²",127272,,,"3,9","3,8","3,8","4,9","5,1","4,1","5,0","6,6","7,5",,,Hochschule Albstadt-Sigmaringen,2 561 263        ,Illmensee Illmensee,,1282
,Soest,North Rhine-Westphalia,Soest,,,,,,,,,,,,,,,,,,,,
,Solingen,North Rhine-Westphalia,,,,,,,,,,,,,,,,,,,,,
,Sömmerda,Thuringia,Sömmerda,,,,,,,,,,,,,,,,,,,,
,Sonneberg,Thuringia,Sonneberg,,,,,,,,,,,,,,,,,,,,
,Speyer,Rhineland-Palatinate,,,,,,,,,,,,,,,,,,,,,
,Spree-Neiße,Brandenburg,Forst,,,,,,,,,,,,,,,,,,,,
,Stade,Lower Saxony,Stade,,,,,,,,,,,,,,,,,,,,
,Starnberg,Bavaria,Starnberg,,,,,,,,,,,,,,,,,,,,
,Steinburg,Schleswig-Holstein,Itzehoe,,,,,,,,,,,,,,,,,,,,
,Steinfurt,North Rhine-Westphalia,Steinfurt,,,,,,,,,,,,,,,,,,,,
,Stendal,Saxony-Anhalt,Stendal,,,,,,,,,,,,,,,,,,,,
,Stormarn,Schleswig-Holstein,Bad Oldesloe,,,,,,,,,,,,,,,,,,,,
,Straubing,Bavaria,,,,,,,,,,,,,,,,,,,,,
,Straubing-Bogen,Bavaria,Straubing,,,,,,,,,,,,,,,,,,,,
73,Stuttgart,Baden-Württemberg,,"207,36 km²",597939,,,"5,9","5,6","5,5","6,4","6,4","5,3","6,5","8,3","9,9",VfB Stuttgart,,"AKAD-Fachhochschule Stuttgart, Duale Hochschule Baden-Württemberg Stuttgart, Freie Hochschule Stuttgart, Hochschule der Medien Stuttgart, Hochschule für Musik und Darstellende Kunst Stuttgart, Hochschule für Technik Stuttgart, Merz-Akademie Stuttgart, Staatliche Akademie der Bildenden Künste Stuttgart, Universität Stuttgart-Hohenheim, Universität Stuttgart, Württembergische Verwaltungs- und Wirtschafts Akademie Stuttgart",23 881 894        ,Max Eyth See Stuttgart,,181819
,Südliche Weinstraße,Rhineland-Palatinate,Landau,,,,,,,,,,,,,,,,,,,,
,Südwestpfalz,Rhineland-Palatinate,Pirmasens,,,,,,,,,,,,,,,,,,,,
,Suhl,Thuringia,,,,,,,,,,,,,,,,,,,,,
,Teltow-Fläming,Brandenburg,Luckenwalde,,,,,,,,,,,,,,,,,,,,
,Tirschenreuth,Bavaria,Tirschenreuth,,,,,,,,,,,,,,,,,,,,
,Traunstein,Bavaria,Traunstein,,,,,,,,,,,,,,,,,,,,
,Trier,Rhineland-Palatinate,,,,,,,,,,,,,,,,,,,,,
,Trier-Saarburg,Rhineland-Palatinate,Trier,,,,,,,,,,,,,,,,,,,,
234,Tübingen,Baden-Württemberg,Tübingen,"519,18 km²",214894,,,"3,4","3,3","3,5","4,6","4,5","3,9","4,9","6,2","6,2",,,"Hochschule für Forstwirtschaft Rottenburg, Hochschule für Kirchenmusik der Diözese Rottenburg-Stuttgart, Eberhard-Karls-Universität Tübingen, Hochschule für Kirchenmusik Tübingen, ",2 722 367        ,,,13126
326,Tuttlingen,Baden-Württemberg,Tuttlingen,"734,35 km²",132476,,,"3,1","2,8","3,2","4,7","5,0","3,3","4,0","5,1","6,2",,,"Hochschule für Musik Trossingen, Hochschulcampus Tuttlingen (Hochschule Furtwangen University)",5 976 006,,,3402
,Uckermark,Brandenburg,Prenzlau,,,,,,,,,,,,,,,,,,,,
,Uelzen,Lower Saxony,Uelzen,,,,,,,,,,,,,,,,,,,,
310,Ulm,Baden-Württemberg,,840 km²,117977,,,"5,0","4,7","4,4","5,4","5,8","4,8","5,9","8,3","9,9",,,"Hochschule Ulm, Universität Ulm",5 145 147        ,,,17136
,Unna,North Rhine-Westphalia,Unna,,,,,,,,,,,,,,,,,,,,
,Unstrut-Hainich,Thuringia,Mühlhausen,,,,,,,,,,,,,,,,,,,,
,Unterallgäu,Bavaria,Mindelheim,,,,,,,,,,,,,,,,,,,,
,Vechta,Lower Saxony,Vechta,,,,,,,,,,,,,,,,,,,,
,Verden,Lower Saxony,Verden,,,,,,,,,,,,,,,,,,,,
,Viersen,North Rhine-Westphalia,Viersen,,,,,,,,,,,,,,,,,,,,
,Vogelsbergkreis,Hesse,Lauterbach,,,,,,,,,,,,,,,,,,,,
,Vogtlandkreis,Saxony,Plauen,,,,,,,,,,,,,,,,,,,,
,Vorpommern-Greifswald,Mecklenburg-Vorpommern,Greifswald,,,,,,,,,,,,,,,,,,,,
,Vorpommern-Rügen,Mecklenburg-Vorpommern,Stralsund,,,,,,,,,,,,,,,,,,,,
,Vulkaneifel,Rhineland-Palatinate,Daun,,,,,,,,,,,,,,,,,,,,
,Waldeck-Frankenberg,Hesse,Korbach,,,,,,,,,,,,,,,,,,,,
288,Waldshut,Baden-Württemberg,Waldshut-Tiengen,"1.131,19 km²",163699,,,"3,1","3,1","3,3","4,1","4,4","3,9","5,0","5,7","6,3",,,Gustav-Siewerth-Akademie Weilheim,2 992 875,,,546
,Warendorf,North Rhine-Westphalia,Warendorf,,,,,,,,,,,,,,,,,,,,
,Wartburgkreis,Thuringia,Eisenach,,,,,,,,,,,,,,,,,,,,
,Weiden in der Oberpfalz,Bavaria,,,,,,,,,,,,,,,,,,,,,
,Weilheim-Schongau,Bavaria,Weilheim,,,,,,,,,,,,,,,,,,,,
,Weimar,Thuringia,,,,,,,,,,,,,,,,,,,,,
,Weimarer Land,Thuringia,Apolda,,,,,,,,,,,,,,,,,,,,
,Weißenburg-Gunzenhausen,Bavaria,Weißenburg,,,,,,,,,,,,,,,,,,,,
,Werra-Meißner,Hesse,Eschwege,,,,,,,,,,,,,,,,,,,,
,Wesel,North Rhine-Westphalia,Wesel,,,,,,,,,,,,,,,,,,,,
,Wesermarsch,Lower Saxony,Brake,,,,,,,,,,,,,,,,,,,,
,Westerwaldkreis,Rhineland-Palatinate,Montabaur,,,,,,,,,,,,,,,,,,,,
,Wetteraukreis,Hesse,Friedberg,,,,,,,,,,,,,,,,,,,,
,Wiesbaden,Hesse,,,,,,,,,,,,,,,,,,,,,
,Wilhelmshaven,Lower Saxony,,,,,,,,,,,,,,,,,,,,,
,Wittenberg,Saxony-Anhalt,Wittenberg,,,,,,,,,,,,,,,,,,,,
,Wittmund,Lower Saxony,Wittmund,,,,,,,,,,,,,,,,,,,,
,Wolfenbüttel,Lower Saxony,Wolfenbüttel,,,,,,,,,,,,,,,,,,,,
,Wolfsburg,Lower Saxony,,,,,,,,,,,,,,,,,,,,,
,Worms,Rhineland-Palatinate,,,,,,,,,,,,,,,,,,,,,
,Wunsiedel,Bavaria,Wunsiedel,,,,,,,,,,,,,,,,,,,,
,Wuppertal,North Rhine-Westphalia,,,,,,,,,,,,,,,,,,,,,
,Würzburg,Bavaria,Würzburg,,,,,,,,,,,,,,,,,,,,
,Würzburg,Bavaria,,,,,,,,,,,,,,,,,,,,,
201,Zollernalbkreis,Baden-Württemberg,Balingen,"917,72 km²",184658,,,"4,3","4,2","4,3","5,4","5,7","4,6","5,8","7,5","8,1",,,Hochschule Albstadt-Sigmaringen,3 968 211        ,,,1
,Zweibrücken,Rhineland-Palatinate,,,,,,,,,,,,,,,,,,,,,
,Zwickau,Saxony,Zwickau,,,,,,,,,,,,,,,,,,,,